{
    "loss": 2.487560987472534,
    "accuracy": 0.8129496574401855
}