{
    "loss": 0.14351989328861237,
    "accuracy": 0.935251772403717
}